{  "deviceInfo":[
      {  "type":"DEVICE_A",
         "parallelProcessingCount":1,
         "deviceList":[
            {"device":"DEVICE_069", "hostname":"127.0.0.1", "port":9010},
            {"device":"DEVICE_198", "hostname":"127.0.0.1", "port":9050}
         ]
      },
      {  "type":"DEVICE_B",
         "parallelProcessingCount":2,
         "deviceList":[
            {"device":"DEVICE_083", "hostname":"127.0.0.1", "port":9020}
         ]
      },
      {  "type":"DEVICE_C",
         "parallelProcessingCount":2,
         "deviceList":[
            {"device":"DEVICE_015", "hostname":"127.0.0.1", "port":9030},
            {"device":"DEVICE_152", "hostname":"127.0.0.1", "port":9040}
         ]
      },
      {  "type":"DEVICE_D",
         "parallelProcessingCount":1,
         "deviceList":[
            {"device":"DEVICE_274", "hostname":"127.0.0.1", "port":9060}
         ]
      }
   ]
}
